Product ID,Current Stock,Lead Time,Reorder Frequency,Holding Cost,Ordering Cost
1,122,6,17,1.7940300824743833,8.505205342861618
2,112,5,23,1.174185533591543,8.725332737595508
3,34,4,23,2.2341330322356026,5.68713677723961
4,126,4,19,1.2276767869532028,8.695741994267731
5,91,2,11,1.6904462856033842,9.64238519739225
6,40,6,23,2.0148238774356177,12.227377522388046
7,122,2,18,2.7484450493703516,11.567294847216079
8,141,3,12,1.9870931606802373,12.087656552291541
9,94,2,17,2.4045175320633287,5.083636818768571
10,107,8,25,2.9856336779981407,7.176673995805361
11,136,2,11,1.2629782397959632,11.616842883998565
12,119,8,15,1.549463051039039,9.839893681797472
13,123,5,21,1.7891521511952928,5.053134756683459
14,72,7,14,1.8436563570776627,13.044946424318223
15,21,9,11,1.8220421505310915,12.728095732903373
16,107,9,25,2.81522200511311,10.484191629935626
17,57,4,14,2.4280652889337127,5.664633257762722
18,149,9,24,2.2158104281814075,12.665150495325847
19,40,8,21,1.6187454357255642,10.837135877313639
20,77,6,13,2.647580768442589,12.819599771579592
21,41,2,24,2.910121022969978,12.517469923958405
22,108,8,20,2.6423965651004533,13.03002071957837
23,68,6,25,1.0031302103829458,10.180080664046248
24,78,7,15,2.272802740366814,6.40324518193515
25,34,9,23,1.1022707628842014,11.711574733796887
26,70,7,27,1.5152144406674437,11.204737850519706
27,127,9,21,1.1190494006955434,12.422531871990872
28,74,2,20,2.2075909058987753,6.698810060507353
29,83,3,22,2.3731798269852136,6.949751999002892
30,70,2,20,1.2289752761318102,13.904095172193285
31,40,5,25,1.767677766089959,12.499777984520708
32,92,8,24,1.912473017911084,14.08228488700323
33,37,4,24,1.7381060435218332,12.587153211639208
34,108,3,13,1.242050000970386,10.97155305990302
35,79,2,20,1.8378955803749508,11.541327370278736
36,33,6,28,2.502356095616836,13.891279239400099
37,28,3,24,1.142015329066511,10.788067545119405
38,109,8,13,1.160360028163807,11.323913243283874
39,72,9,22,1.7095425836719684,6.564767160036006
40,149,3,28,2.88345142323785,9.739212201161028
41,103,9,11,2.337145293445828,12.163971119580989
42,111,8,23,2.35733991334513,7.709426983163654
43,130,2,13,1.72383998167573,7.022541805245349
44,27,8,25,2.187321582417077,8.138268082244156
45,54,3,29,1.0202623680554868,7.415006279928335
46,100,6,23,2.2721920928190844,7.149126370363959
47,69,7,24,2.8265738951524737,9.24850842868087
48,123,3,12,2.2251469366896384,14.07838513883534
49,21,8,17,2.74739718693269,10.070596467387183
50,73,7,25,2.447946110932188,6.87920380815323
51,125,8,19,1.2411168328073805,5.769716693808741
52,23,6,13,2.804906614571683,11.961561451379252
53,73,8,27,1.1328876887115498,8.827987644363878
54,63,2,11,2.0679349450955273,13.218309465853594
55,33,4,26,1.2842742475869153,11.595107686407701
56,114,9,22,1.0234132214618081,12.962414505413685
57,67,9,13,1.844068520255278,7.7194603941844875
58,34,3,20,1.5900814153083125,11.92358922461058
59,59,4,16,1.972000987595206,7.640619846937188
60,101,8,21,2.154399773469102,14.390684794502915
61,130,6,19,1.0874781446178947,11.363742815333744
62,72,3,16,1.2460065902474913,8.245118001753422
63,43,8,22,2.1172847929008505,7.695118622922727
64,143,7,16,1.6863347063453165,6.9092658507164355
65,60,5,26,2.458346975098896,11.946409588937279
66,34,8,19,2.3045832971838793,7.1871561299792734
67,64,4,19,2.6912087259798136,10.953032659274891
68,84,3,13,2.3849856533384504,7.646350269253573
69,108,4,29,1.8598621547802963,11.619689447938686
70,90,3,13,2.345933244788865,13.149397285405392
71,28,8,16,1.550762348510837,12.780252431446531
72,107,2,10,1.6126269975564254,12.608513309307817
73,148,7,21,2.5779703198415866,6.877224056922521
74,82,8,22,1.8928390328031643,5.883849469845187
75,100,9,19,2.596760681036705,11.989488284873856
76,52,4,24,2.644844747336557,8.683472137943513
77,142,5,22,2.7151246753225675,9.323462264033473
78,24,5,18,2.8332704716824146,5.31149092793391
79,60,6,18,1.8619704410265925,7.595764492750492
80,47,3,24,1.6377336366422777,5.33676403874464
81,91,4,19,2.1643974931882277,13.791857726012477
82,31,6,19,1.7423448468752551,7.4339668321853045
83,52,4,17,2.2021483336004657,10.573371695730081
84,67,9,25,2.411171725287649,5.389793206611304
85,81,3,26,2.3768100369842737,11.66847391305658
86,56,8,14,1.7491057740402427,8.230273457540939
87,118,8,13,1.3337204033975056,13.979191869576658
88,123,5,27,1.861058676924415,13.881181889340358
89,54,8,28,1.2851882881638175,8.252906183617478
90,120,8,13,2.7801940703676165,14.009608956904678
91,20,9,16,1.6917549214757148,14.961576734987789
92,24,2,19,1.3089194944466476,13.254156641239481
93,122,5,27,1.0508955198115018,13.448713477552289
94,46,6,28,2.2916447725729685,7.490087361090899
95,34,7,13,2.2738046349094865,10.767023988577563
96,109,2,19,1.6812083331625833,5.6725591396736785
97,61,6,10,1.143423777695302,5.949179368216697
98,143,3,27,1.819257789790464,14.988926120332906
99,82,2,14,1.6224349901267872,8.26639249425911
100,115,9,24,2.3542412794700187,12.481839120488463
101,71,6,26,2.2115584989053807,13.066650530268165
102,115,3,12,1.72918745639508,13.580232710072291
103,48,5,21,1.4357851085099802,14.976282974021565
104,55,7,11,2.976071932311184,7.414964852568678
105,32,3,10,1.9080032423922297,5.4035082685969975
106,90,8,26,2.376548471560474,9.11191517994586
107,105,4,25,1.2811059351567216,6.3008066982894695
108,47,3,14,1.9711793993187956,5.2242588916205515
109,85,3,24,1.055073439738931,8.604268271414862
110,64,7,12,2.0109102358208997,12.837382510752365
111,81,4,16,2.9280348142354047,10.661806912250709
112,47,8,20,1.7684134259716005,8.12777989210354
113,47,6,19,1.0779920251498232,11.543420054927196
114,127,6,18,1.061911581838687,7.320181803088107
115,63,3,23,1.775973519893739,5.143814460720851
116,103,9,22,1.320049872926388,12.643533864364274
117,49,9,11,1.0467041926563718,11.237430848640091
118,94,4,12,2.5124272279003534,12.6230262450096
119,147,4,16,1.9170460177637814,5.389380166876656
120,111,8,27,1.578489543945309,13.371196278306522
121,148,7,12,2.800166366032961,11.195262000363034
122,140,5,19,1.2322779204010512,10.633953507126401
123,46,6,16,2.911837657910638,11.246140481145316
124,140,7,18,1.6279334347547056,13.644332468683642
125,135,2,26,2.7768073446173624,10.86936506558907
126,22,6,20,2.205885752958923,10.809503798881792
127,122,7,16,2.653414719482975,14.906791570657658
128,81,6,23,2.9680263264209286,12.56730167068568
129,70,5,28,1.5768108756374914,9.422938054511352
130,78,2,13,2.9222709708151857,12.073970000329277
131,137,9,15,1.7789637898048407,8.892304716917884
132,115,9,19,1.7710238094738446,7.28875462483499
133,132,5,16,1.6807742085090114,10.968518768877594
134,81,8,22,2.08281521469517,14.281820981139514
135,71,2,23,1.3082900863569742,14.291395200154627
136,31,3,13,2.1074229707160224,8.419052781054903
137,58,7,17,2.083409624820008,10.27677466221695
138,149,2,14,2.52380362520974,7.1163589856986125
139,132,8,10,2.667299923875171,14.956311094988834
140,120,8,13,1.880882700624848,14.811179078679357
141,132,5,12,1.6046664987029875,11.495089297074474
142,100,6,18,1.518669794634189,13.044140596774733
143,132,2,17,1.3892476734097439,12.151001612837
144,21,7,10,1.1152951643980498,10.931582190394682
145,149,2,15,1.6848959576694267,5.533479969888977
146,73,4,18,1.5404953842615665,9.54764342552661
147,106,6,16,2.9328347717328147,11.747863021674105
148,148,7,13,2.1154176525000876,11.775316138836846
149,145,9,22,1.694554078061015,8.731226184223836
150,149,7,26,2.160935201987392,14.416919866580306
151,72,3,11,1.278393402691391,6.6735703223678104
152,87,5,14,1.8880874984044058,10.003594462155606
153,142,3,21,2.2524686428421274,11.908839765508228
154,57,7,17,1.9777956635849028,11.971358058918092
155,43,6,15,1.8035576013086485,11.486389567688155
156,88,2,17,2.987696777799396,7.752882134518602
157,135,9,27,2.760629524297854,6.5620656868662195
158,117,2,12,2.2468119163188804,11.359403268267108
159,116,6,21,2.1387547223645655,10.993021161394378
160,143,7,12,2.241320959649168,6.7935601028924095
161,89,8,15,1.4026242156448665,12.051391455705634
162,112,2,11,1.7902754865286372,9.551719917336564
163,22,8,21,1.0789190657817986,11.67760591603153
164,109,2,11,1.9510920749736533,13.373670797701507
165,115,2,15,2.086049167915326,6.697284285769232
166,71,9,26,1.4554994722064192,5.191448679968367
167,147,5,12,2.9280576943310272,12.791025863957868
168,58,5,11,2.818909221874484,11.09697425152616
169,101,4,29,2.4442864709118117,11.996395696221217
170,123,3,17,2.066773257530725,13.381549749886425
171,148,6,21,2.73993831929537,13.028109348245005
172,30,6,13,1.2613046876469258,14.609201469288246
173,61,6,14,2.58101958854977,10.359350788521182
174,118,4,22,1.2496416279336966,9.884956326599053
175,26,5,24,2.588421325098811,9.0188719989073
176,109,7,25,1.551535136502714,6.536910428442045
177,131,8,19,2.754181162036378,10.726072328820225
178,79,9,25,2.8880841876507954,7.770125243259788
179,132,8,21,1.2975919388102313,14.213075122129755
180,21,7,26,1.925351210130787,10.831908042770976
181,148,9,25,2.96197475632537,10.928401805081101
182,67,4,21,1.9668148719462932,8.549246608770101
183,56,7,17,2.72709504502909,5.519893519777074
184,28,6,29,2.1774630442626397,5.317437653729886
185,118,3,12,1.7506598158392037,9.233351441531976
186,67,2,25,1.5715671110517404,5.845653780972379
187,73,8,22,1.4064461821721745,11.068469555401391
188,139,5,28,2.5235963827553944,13.809730056396575
189,135,5,17,1.7730810136460557,13.829148165187222
190,94,4,14,2.0225509244015023,11.590454101322324
191,132,9,29,1.9846509600023639,7.11231831472931
192,123,5,17,2.1545580584662627,13.629968313588721
193,103,6,21,2.7311542912491045,13.860934353132082
194,131,8,10,2.961478687166859,6.966535849529587
195,118,7,29,1.8151684171476339,12.374260857706773
196,112,6,15,2.655037844212606,7.86519548927123
197,147,4,27,2.5290555893094355,13.026403123529297
198,129,6,17,2.1470579029111465,14.972378999036026
199,101,7,16,2.912094287223866,5.300260053293928
200,73,3,10,1.4009490310568056,13.973658657909318
201,87,4,25,1.2185284206192428,11.22630533598658
202,52,3,21,2.7079239339108443,14.733826191648213
203,40,2,15,1.8782996332674966,9.650095175264276
204,67,3,29,2.693937708414121,13.473879305713737
205,147,2,11,2.7861804103908296,5.623940685982772
206,147,2,23,1.1249151872381429,8.352790500782957
207,52,3,13,2.766929525972121,5.6701653775121
208,134,4,10,1.8966381107388444,14.753431334790704
209,138,9,27,2.0208649780084644,13.169739072718368
210,41,7,22,2.2531850221864205,13.525474212459706
211,57,6,11,2.8527652134601738,14.379652314338943
212,128,6,18,1.038232188859528,5.851034861197854
213,70,7,11,1.9536869366356342,8.855975925133333
214,27,8,18,2.3754440848611216,5.710348890440021
215,46,8,10,2.4454139153964567,7.107931015500286
216,46,2,20,2.385064863074216,7.293657770376724
217,40,2,12,1.2688702588162437,9.691072110475787
218,49,4,29,1.5987911767433625,7.685621674536426
219,116,5,13,1.717431050834027,6.009781068177611
220,47,3,27,2.60887441535901,6.674910890941077
221,130,2,15,1.557519744829106,6.472755635520909
222,80,6,12,1.4214099277344063,14.730767979122984
223,67,4,20,2.9148960380761926,12.592925069184737
224,23,3,24,1.0177265702269378,14.67761465269562
225,54,4,14,2.995641711363956,9.397404865079086
226,68,3,29,2.3536425977147912,7.783684816626566
227,36,3,19,2.6569385988982344,12.982931972091867
228,65,7,21,1.5892387926923863,8.262539180411467
229,136,2,24,1.02863055533412,7.993833737053483
230,25,9,26,2.47573903712306,7.325059922078312
231,118,4,19,2.6682891940013516,6.296789782242353
232,143,9,15,2.4809522639070383,7.56463061016766
233,56,4,27,1.2857005746016772,8.553197484738877
234,43,7,22,2.506855844513938,11.739942081457304
235,112,6,12,2.537845564215282,5.625648422194516
236,65,9,19,2.31708103134011,7.1050693966534295
237,114,6,23,2.5322318655911724,13.090236402916764
238,118,8,15,2.6918428793554643,6.469219235837707
239,135,2,12,2.227208228474917,8.426451465225215
240,86,2,25,1.1772094279393581,13.6465892185814
241,147,5,16,1.9752556193344217,6.549253111434426
242,37,7,29,1.1552986693432101,5.827368356181899
243,44,6,23,1.8150860620648617,9.845379950800108
244,73,3,18,1.8142129782512553,8.024195112785364
245,77,4,24,1.1320196882804832,10.63408364483854
246,86,2,12,1.6976410679389586,13.038048904834751
247,123,9,11,1.2219961975826297,6.371484881527431
248,43,4,11,2.6164704200184445,10.806990845542849
249,133,4,12,2.8953760519289418,10.055087603898638
250,51,5,27,1.1446329505158772,6.440787860131996
251,105,6,23,2.9102304145834026,11.239984855289824
252,146,2,29,2.04515319867349,7.7364041786077165
253,149,4,27,1.5991313559077478,9.878343185440125
254,36,2,19,1.153724150552327,5.822723242770619
255,123,3,11,2.0012485361408356,9.59584057213623
256,62,5,10,2.589031088981497,8.064634680428203
257,58,3,13,2.414172954533396,13.223812111853544
258,45,2,23,1.1004520229279475,5.569787269973682
259,118,8,10,1.145803670735807,9.1860727491833
260,69,9,23,1.8057465652652742,9.584314241314381
261,32,2,25,1.5905809880958865,12.250060762991186
262,79,6,23,1.4647686461120957,10.74287575090211
263,76,4,29,1.5620089978174272,11.672123371941812
264,55,4,12,2.6069654865937695,12.770492856517562
265,39,3,12,2.8584561072637076,13.622029736581888
266,84,9,18,1.8102053890551328,8.138754967224706
267,27,5,15,2.812222004264994,10.380227053639029
268,134,8,22,1.642991402495764,13.401080784391999
269,111,7,11,1.9528739726875832,14.894511309650564
270,117,9,17,1.4520579956319994,13.895193110437631
271,85,4,11,2.280952084351688,8.714672626243768
272,51,6,13,2.957962230349618,6.951665172186504
273,105,9,24,2.2069861920867573,9.893925374065887
274,70,3,13,1.7156281682270977,12.416414518360423
275,82,3,22,2.2956348919810567,9.925690707532976
276,144,7,21,1.2458413569307751,9.831808633136685
277,77,6,22,2.7773181605307973,13.382304210818006
278,77,5,23,2.0061679015596727,8.614037790671864
279,105,9,29,1.8986994840792841,13.597946748116456
280,68,6,27,2.1717295769070386,9.068048009517236
281,89,5,15,2.249567725578805,8.282331056783395
282,34,6,20,1.143551612453026,9.53989911199699
283,73,6,11,2.3652344424468046,12.624469586748685
284,120,2,28,1.4838633606310592,6.260020278639943
285,27,3,28,2.4279052650131794,6.964192158720174
286,72,9,14,2.6450695887683935,14.514448256630919
287,79,6,28,2.6079170151050404,6.754916273813574
288,127,9,11,2.1050019348157782,10.677273179310546
289,24,7,19,2.0403397846215023,10.793144666619378
290,122,6,11,1.2857519226788234,9.896244620502447
291,25,4,20,2.550692300806271,11.447452485768185
292,128,3,27,1.5428187608934287,7.2982672579761845
293,135,4,24,1.993390845635893,10.526622677767481
294,113,9,18,1.5685481858550334,8.721732552468971
295,66,9,28,1.2676567259993863,11.61667259629189
296,118,3,18,2.259115393783473,6.412235433731494
297,74,9,12,1.1086640696458077,10.708774168394761
298,71,4,18,2.4972904682524,6.852703553833237
299,32,6,23,1.6351735905222333,7.786430631150364
300,133,6,28,1.0002693860089706,7.187098003235832
301,143,2,16,2.0222582784744594,6.828377798688171
302,125,7,25,1.0937038170552063,13.25710951560667
303,139,9,25,1.552339115641799,7.857075676608903
304,82,4,10,2.4139529749114326,14.271237818644494
305,38,9,13,1.1253792432437317,14.699265253451909
306,111,9,13,2.6786769847120047,10.712604699370974
307,77,5,16,1.0076398453171662,6.430011226657264
308,109,2,17,1.4936477384038045,8.745482433795813
309,136,4,26,2.481808112304143,12.97732263348214
310,81,4,14,1.6325402994586136,8.673907286970705
311,42,9,16,1.203784776132027,5.870172183027887
312,146,2,29,1.7204678376008558,10.56784910928188
313,148,6,29,1.540786572769051,13.451208514960348
314,77,4,13,2.68542380432111,12.959263871435024
315,141,6,15,1.6266958351702863,6.751231401303532
316,20,2,16,2.5778649435520142,11.727646144124666
317,53,6,27,2.7837442896214695,7.205042634356471
318,115,3,14,1.867634839153059,7.1820753455217226
319,145,5,29,2.8198862877087842,13.740717733051852
320,137,8,12,1.7546361079263857,7.496689527402301
321,67,4,16,2.9281568329802163,7.632473465180112
322,108,7,23,1.1785790490511459,5.0065339076129955
323,136,5,16,2.3740385330064857,13.706690341255177
324,148,8,14,1.9876280809138573,12.925948132091348
325,35,6,14,1.7752976109112941,11.27328935090678
326,88,4,11,2.265423757497202,12.502657639388422
327,41,6,15,2.4077141832686624,6.520485674244918
328,112,3,24,1.0087265393006182,9.583235945875755
329,95,2,19,1.3339061774943974,8.51219387348781
330,105,4,16,2.4260921012686376,5.937765262570165
331,48,8,14,2.3327708271564127,9.86130485214924
332,88,8,10,2.9320950102573544,14.207396503426354
333,66,3,22,2.522075580501566,5.400591190506945
334,113,3,27,2.9015454154626763,7.914609134937939
335,104,9,22,2.405081003069614,7.075409362057035
336,58,4,27,1.5961044172788863,7.381466536656963
337,119,6,14,1.210729844501713,14.084345518793754
338,52,7,22,2.5636477266898714,9.680690542342901
339,120,8,13,2.288298442951832,9.662994129398188
340,42,8,26,1.0963720247865925,12.605756424552823
341,29,3,12,1.7201009318019567,6.544922040049258
342,88,5,26,2.913599630968572,9.872653541000508
343,119,3,20,2.0008022914204027,9.299852141210597
344,53,7,29,1.8654582720394093,10.96910690546656
345,115,6,13,1.915399210318588,14.995577032504386
346,20,6,11,1.4177654480103274,12.69448894082047
347,88,5,29,1.7374143417295904,8.978657030174272
348,23,8,25,1.7396265119743533,13.27553052274047
349,35,3,27,1.1047100403749448,6.707083633124801
350,43,9,17,2.5351352570358365,5.304636863089601
351,99,6,12,1.833008863807758,7.04448372464273
352,21,7,18,2.6443597736328464,8.404115561142596
353,147,4,29,2.700696002239791,10.105807574595598
354,103,2,15,1.4239881093973161,11.151291405411998
355,143,2,19,2.314706964340257,14.106057172144217
356,52,2,19,1.9445636083259634,10.098540095504577
357,120,9,22,2.7603134758429704,10.012756446257294
358,31,8,26,1.4314813583529082,5.502430098229821
359,86,3,18,2.355626400620088,5.3491155265622385
360,84,5,26,2.2155042445054454,10.511599619163722
361,93,9,18,1.5906029551436656,9.381786132483445
362,62,9,18,1.2732018073023452,13.391803949802986
363,63,6,10,2.303279520954553,6.606795847118452
364,48,4,11,2.4771949162646614,5.249716621170496
365,31,9,25,1.6312546875267,9.490387679301259
366,114,7,10,2.2896652080446276,7.374785567522575
367,65,4,19,1.7902618152230065,5.496143733388374
368,149,7,27,2.4264137665652354,12.24598286847629
369,54,8,17,1.3984305497881062,6.115929999572475
370,100,3,20,2.7804300052723487,11.083195000077717
371,109,2,11,1.5748191929311595,7.810497501668891
372,27,9,17,1.7355719755123058,6.73496050355022
373,112,3,17,1.1161839041606996,8.797515229193174
374,109,8,26,1.2230244246425528,13.014457762229537
375,134,5,24,2.0317238054246562,8.920935769045727
376,124,5,26,1.535185353455943,12.507696492110558
377,77,8,22,2.6709604514843885,6.254862967991507
378,133,7,28,1.0293867773099077,12.72771419665079
379,94,6,14,1.7581880973438724,7.369333249066487
380,139,6,21,1.6746910935381853,11.773931298888728
381,40,7,10,1.038655261835202,10.657815548409964
382,120,5,14,1.2487367980010204,14.291447172116873
383,118,5,17,1.8272853498372705,8.87322517975314
384,55,9,22,1.9857291688948933,5.661651888344404
385,115,5,17,1.8085794945097382,5.191554855512529
386,56,3,20,2.0618753568241877,13.26858560972753
387,31,5,10,2.190263349811363,10.247356376614322
388,132,4,22,1.0198476422556713,12.752440518349493
389,32,9,28,1.9281903189070078,7.344256000115147
390,42,2,12,2.9269984817751764,8.450837455132337
391,118,5,26,2.038064560259097,5.301038722113189
392,124,7,14,2.355084534917906,14.614923245741121
393,49,2,29,1.6237277158337664,11.678679067008133
394,36,3,17,2.547982756305525,14.332050877593062
395,132,7,23,2.5458429637522304,7.6549640742907235
396,81,2,13,2.0425920953082777,11.114636112256608
397,103,7,20,2.9520276465584274,11.784999682926378
398,131,3,29,1.2511004295253068,8.175497002575884
399,105,9,24,1.033895329779162,13.4810923501563
400,38,4,28,2.540316423514192,14.471614629002477
401,119,3,16,2.6143110747297653,13.848551176960044
402,95,3,28,1.2404144582411525,12.390669759393726
403,28,7,28,1.5311656659172121,7.77464679724954
404,47,9,20,1.0351047267332578,7.816160421056317
405,147,8,14,1.5866172215611294,14.633603204460378
406,71,6,14,2.546283747837343,5.10284495935692
407,102,5,17,2.035921055425158,12.160499732421446
408,130,5,19,1.6961911863365762,12.062461625552622
409,136,4,15,1.7434785898126606,11.226895409497974
410,88,4,24,1.0027072514309363,14.901088460868658
411,118,5,25,1.5996010551304718,8.118794357637253
412,44,6,26,2.292917483275861,8.399718637932482
413,142,5,17,2.9483888876327145,5.789394029465555
414,72,8,17,2.694121653967799,9.427981365437375
415,76,6,18,1.0471899292910583,7.610485262348481
416,58,4,11,2.7971212093496787,8.433867021776443
417,128,2,24,2.566396826597252,13.345717902556277
418,61,7,27,2.560752247141961,14.354845135274957
419,141,8,12,1.915991518007143,6.8573307200518565
420,94,8,26,1.7960105859090056,8.725089315534658
421,95,9,13,1.6058314576663852,14.286305621153941
422,28,4,13,1.1313897179087316,5.618084606892227
423,93,4,23,1.4564707269873982,5.923605281113785
424,26,3,18,1.4932072699560492,6.627909892062293
425,46,8,18,1.9681541394204032,10.952128341268747
426,141,3,27,2.4948888131933877,6.5047227100599745
427,24,3,19,1.9476196567958932,14.680763814507335
428,48,7,13,1.1156888988943212,9.467145272585203
429,102,3,21,2.9155796019764075,10.015179603501664
430,128,6,17,2.8854486381882243,7.466586158054065
431,84,5,11,2.5703790862968168,9.709602524347336
432,105,2,22,2.9826558031284414,11.619136326370114
433,90,4,25,2.0889646656005256,12.511771369540428
434,64,6,11,2.925536700506412,12.53868082709913
435,55,2,20,1.1512100812335015,10.778911126940883
436,89,8,19,1.7313614965227426,14.043597749938572
437,38,8,24,1.4507625360135317,13.174078473061094
438,127,8,26,1.39166616826854,12.570481146986253
439,110,6,17,1.2816058977853522,5.556055216804606
440,109,6,27,2.2448272831319933,5.068779622196493
441,38,4,18,2.5626437114946103,7.124472771954729
442,58,5,17,2.156596798840721,11.635235939134523
443,145,9,23,1.2939254191764193,9.111974888825458
444,145,3,27,2.622247539866942,9.024062592993118
445,77,8,29,2.2719094143274567,13.845868882296138
446,80,7,29,1.776331412253991,13.955628481318387
447,146,5,21,2.348260591072126,14.091752640535857
448,124,7,28,1.5198099584856657,8.138780765150273
449,20,4,23,1.690384416988421,11.910558127392617
450,111,4,26,2.83497168626398,7.716331812743697
451,132,4,12,1.5810090113428408,6.906098330744498
452,75,2,16,1.9399765363158732,6.846324573473693
453,136,7,26,2.7802822747920293,8.42107620863594
454,77,5,21,2.415442700535055,9.299576197798217
455,63,9,18,1.1244064523294055,13.309491710550684
456,80,5,24,1.2946060885579407,6.198910934727121
457,66,6,27,1.0156831815438336,12.349258473948943
458,99,6,22,2.2618435804583266,10.314549141893053
459,137,8,17,1.8953468508208366,7.879453426759925
460,39,9,23,1.268549701804551,9.928195845328247
461,66,6,17,2.915868242113541,7.999420697770226
462,68,4,23,2.05931944789124,10.960819552383061
463,33,5,16,1.4837865882257784,9.338439228552442
464,20,7,21,2.001207142309415,6.6440552907887875
465,136,4,20,2.3592406654702156,6.165830745556967
466,73,2,20,1.152478435947129,10.4669568207213
467,137,6,22,1.549407630095784,14.024130332861034
468,22,4,27,2.613930981767987,8.439576865576855
469,31,4,11,1.9193297408053225,12.330001072226231
470,93,2,24,2.09315428406459,11.586613549397669
471,35,3,29,1.8656320044189385,14.31554914309481
472,121,5,27,1.0877998852860102,13.209810172991409
473,136,7,24,1.3314995596403119,10.66605258905463
474,27,8,28,1.8910832774837818,11.570304982341073
475,141,3,21,1.4183709308158556,13.983864665840349
476,111,6,22,1.0999580573193575,8.995187845869347
477,109,4,20,2.6872993281036477,8.267947058577773
478,79,9,14,2.9623850583282314,5.108110836351964
479,47,2,10,2.586285747993479,13.265510741914643
480,120,2,12,2.707569843409334,13.009807004033648
481,60,9,28,1.4839542606340907,6.044545181001514
482,65,5,16,2.9212539510263995,10.768573811327002
483,54,3,21,1.3938514089068568,9.639816981668874
484,101,8,24,2.9028596207236648,6.187090955091115
485,134,5,14,2.989638587931902,14.805682270607235
486,66,9,24,2.4234456114920975,7.146958874633555
487,29,4,17,2.962287463583644,5.6723418009056115
488,75,9,19,2.139079559134207,10.948473795019096
489,49,5,25,1.5190835663521807,12.388666771330326
490,128,7,17,1.8739917713312417,5.32443446047187
491,24,2,10,2.187121870757572,11.587176387270222
492,138,2,21,1.14616312405403,10.322918759514543
493,52,6,14,2.2446865292344924,6.032650088750485
494,137,6,12,2.962355673524589,6.725238769463621
495,84,9,10,1.3802152995674553,10.679742973160806
496,30,8,13,2.5851902325767666,7.963576135132884
497,104,4,17,2.8157975875592385,14.38315728651316
498,45,7,12,2.8874031856404416,13.187402294840508
499,82,3,19,2.9202712088108944,14.835672065136631
500,105,5,11,2.0429192774429437,7.59670838950414
501,78,8,20,2.9546158159830074,14.69723632797977
502,46,4,19,2.5146204142688777,9.312338697915578
503,117,6,23,1.3233428724739238,8.475187953137546
504,124,9,16,1.95380021293594,5.503495269693532
505,118,5,11,2.436662350744008,5.527652578596026
506,148,6,18,1.4946806316381667,11.920112559466547
507,74,9,25,2.2812303670977747,9.579289944340278
508,25,5,22,2.3332009580932382,7.265216260361057
509,114,3,18,1.3253994876171318,11.139703063252327
510,121,4,29,2.130170624905513,7.528581182501112
511,22,5,13,2.543253821957215,10.776317543444225
512,42,7,19,1.9977913290718838,8.592087469826904
513,72,8,21,1.0242062335522149,13.23552226611819
514,102,2,26,1.0180769381585844,13.206961607667793
515,104,7,23,1.7140586879400244,9.773503981224014
516,97,7,23,2.852388136863564,8.508191093350156
517,129,8,11,1.4573535592072175,8.625597965590945
518,20,2,29,2.2687273777433745,13.05714525668218
519,70,7,20,1.4441517413866412,8.281794827976121
520,23,5,25,1.6433399793190973,7.09059373706846
521,132,5,28,2.696084179202968,5.846883418753068
522,51,5,15,2.4577228845398937,9.666931208844083
523,53,2,28,1.1907985546264213,9.82132098919842
524,111,7,14,1.8574040419728672,13.409087104029071
525,114,9,13,1.058339527290529,7.21238696446064
526,91,2,24,1.961780293206018,8.809912736683998
527,58,5,13,2.324868023402136,13.084057388936909
528,137,8,29,1.2370052471963031,13.236236107489734
529,22,7,19,1.5777698778183313,8.846110759787681
530,142,7,12,1.7956732510043139,9.59124023286681
531,69,6,14,2.8390620493120995,8.03285890849283
532,31,6,15,2.986510030845928,14.32554878419312
533,73,3,17,1.0898225979912317,6.186437657415803
534,76,9,16,2.522015846990784,14.3374942300147
535,131,9,19,1.7434481328046865,11.838664518353433
536,66,4,15,1.78491637245896,10.315721526867312
537,104,9,23,2.508529946694045,5.326590607844959
538,85,6,13,2.836852864290817,9.755961918220084
539,94,2,22,2.9018571890050966,9.077481050027323
540,122,9,29,2.1542451720766413,6.612188119751226
541,57,6,26,1.7142423186010056,11.56409603500657
542,69,3,16,2.5750981717175585,14.711509073682858
543,117,7,13,1.5020027665246005,10.621888110645251
544,101,9,23,2.1281480576670355,12.147532764439458
545,49,3,12,1.7171569230497463,5.684504525660168
546,98,7,14,2.3132621474157524,9.176669958169947
547,110,8,25,1.4807978257870138,6.163584851644959
548,71,8,29,1.3831858914696515,11.127958355365104
549,98,7,13,2.836478173350874,14.384821582141546
550,49,9,11,1.2036073658990738,11.617777324716386
551,125,4,27,2.0119158154698633,5.768030483144216
552,70,6,28,1.4417055659260178,8.546662049850829
553,100,2,28,1.077859926651335,10.506633794408515
554,48,2,26,1.0720376365828528,9.032077561332521
555,93,5,23,1.3504435442116547,13.336440104751723
556,36,7,28,2.7335407090120007,13.146710047099893
557,103,2,22,1.5649574879540533,11.118310201032214
558,88,9,21,2.900918341150591,8.734579451327052
559,53,4,15,2.1632445859783873,7.553363737632441
560,25,7,13,1.8732283795375322,6.058743182131293
561,72,4,28,2.160177669338909,8.54897683486554
562,145,9,25,2.0333967704525353,9.131725172077196
563,62,2,22,2.51755250751465,11.758229251040735
564,134,2,13,1.5649921319457045,11.581598242975735
565,130,5,26,1.7061007832006048,5.70108139641257
566,99,2,10,2.7881886050665017,8.952593154311579
567,114,7,27,2.892913026300811,6.817788672173619
568,137,9,29,2.785116454972949,6.568127053168057
569,27,8,26,1.8388959879146272,13.27302149737246
570,123,9,24,2.5607310060137634,5.419152167162576
571,44,7,20,1.9526714666021976,9.191828759021213
572,115,7,22,1.9950797042922044,6.682036557665182
573,112,5,10,1.409360218114568,13.79330215678474
574,80,5,26,2.182260606517033,10.570405132750352
575,141,2,15,1.3722717955066959,7.31380636376848
576,70,3,13,1.6631293981343875,10.024272871663765
577,40,9,29,2.7100604032398703,12.314863597031158
578,24,9,25,1.4141516184217104,14.581180089194337
579,111,3,24,1.1423165703468656,7.20446004245419
580,80,5,24,1.1380151852256326,13.861817721293452
581,41,2,15,2.881569041006216,14.343041141674902
582,89,3,24,2.0138408759236692,14.164205445320663
583,20,2,23,1.8188241436340367,11.354143568619097
584,31,2,20,2.621757162015837,11.298206544347078
585,109,2,16,2.671651855821032,9.032106331838229
586,65,6,18,1.6643820662312092,12.52397882303788
587,53,7,25,2.3872361149475907,10.312940183509319
588,97,2,14,2.542245631703773,11.774380712282944
589,64,6,29,2.309301373731909,9.284579038487955
590,92,5,19,1.3031901496001987,12.314964640431391
591,45,3,27,2.751766167034114,13.24471517604549
592,66,7,12,2.0781891054720174,6.464362566028161
593,140,8,22,1.5649448527400074,13.32929715574228
594,75,3,20,1.8504563708753878,10.402965317903073
595,113,7,26,1.0751421807978148,13.446659090902243
596,126,8,22,1.2557336024448351,9.313017063410147
597,82,3,15,2.5310935010317217,8.79040485383035
598,67,7,26,1.0000232695107323,14.150607325172224
599,80,3,22,1.8331316569645844,7.511692675484013
600,100,3,28,2.0450203621711767,13.442123252861432
601,45,8,28,1.1092688400019446,9.840205725094041
602,55,3,19,2.9461563259446657,10.140954425512597
603,20,3,12,1.4522506624993439,8.08468281489484
604,27,8,23,1.6083974392725617,10.730422006190157
605,132,5,28,1.6078850245100547,8.252111962762113
606,118,2,14,1.4608333242346998,5.392694142416524
607,66,9,14,1.0029476441726228,7.71998605344356
608,146,4,29,2.458689588175993,5.063790434065907
609,75,6,26,2.9336909995985705,14.783547870568567
610,33,4,19,1.4485869665700901,14.657472098197475
611,47,4,14,2.326094383606845,8.95155297472305
612,97,7,13,2.48379265391743,12.283708543396461
613,149,2,15,2.6968507581810495,8.45806098410425
614,128,7,13,1.8452583940272183,11.71093157085976
615,33,2,16,1.6058618112808585,13.05430043045979
616,75,8,16,1.6505902680460622,14.467562446922408
617,134,8,27,2.4252426661970254,9.00212275849672
618,26,9,12,2.633558933011272,12.832979829560477
619,22,2,10,1.3632279355132053,7.659284506321188
620,130,3,13,1.7418820163155304,14.903323037936483
621,126,5,15,2.8038803934983,5.257695987643512
622,37,9,18,2.6133870393894787,11.035288065011208
623,57,9,23,2.9697168055249517,11.59505981651327
624,134,3,21,2.5084965193641615,11.880455570741288
625,34,5,29,1.7863904020558445,6.20387578789089
626,138,7,13,2.1812756679892757,14.385297834731304
627,47,5,21,2.3220285084946406,6.811832790500828
628,58,7,19,1.156911632634248,11.22753403239841
629,36,8,16,2.08899391820773,7.226760791230849
630,105,4,12,2.418641656945219,8.072164170212709
631,145,8,23,1.3346426080021208,10.464585417281244
632,63,8,19,2.5612634348511145,9.171934185645764
633,44,4,25,2.1675455610282235,6.602256009765063
634,32,5,25,2.9044435713951895,6.709364024208483
635,44,9,19,1.0848445964137834,9.181447881627996
636,87,5,22,1.530652275110934,12.572829782755008
637,86,7,15,2.203107758599648,13.979646468477885
638,128,3,21,1.5931198244118614,5.841276622593829
639,130,7,18,2.428848328142484,8.931039075594011
640,130,3,22,2.518010565043862,6.002455637228766
641,53,8,13,1.205031928132949,5.165924806325979
642,130,4,20,2.0277089284135354,11.617186826439566
643,27,8,29,2.017781111182112,11.024494419665878
644,132,2,27,1.7385615404310821,6.630191138148862
645,102,5,20,2.865849725139344,7.338128330930641
646,61,3,13,2.6550126397464426,5.237077536445184
647,120,7,27,2.3944187638192735,13.349472056944037
648,25,4,10,2.428653271469995,14.746905960485515
649,45,3,16,1.9234322876262382,6.354595367946908
650,83,7,15,2.841989042193152,7.314752137652981
651,78,5,24,2.3891908545065705,13.68409523946934
652,128,8,27,2.457962123311633,14.264637979561849
653,140,5,20,2.7233818075746905,9.196273828068104
654,52,6,29,1.548143178684382,5.5062247226907415
655,40,2,24,2.614141807733406,5.393918336928194
656,89,6,25,1.390481205912984,10.739498660690105
657,131,4,16,1.6906839044897757,8.92895108893179
658,23,3,19,1.6712209085396854,5.286524275776545
659,113,4,21,2.9570509367782813,10.832523923125567
660,94,8,23,2.7130744474958535,5.113025365890225
661,81,7,14,2.4023397231805195,12.873719581492729
662,113,5,27,2.45411352323078,8.064328227033716
663,114,6,14,2.124145588805142,5.402580030092321
664,74,9,12,2.894181334217038,10.883522209831533
665,50,6,14,1.992517505764723,8.976844144330547
666,59,8,26,1.761035419739789,14.738004133571495
667,55,6,28,1.326070673863182,10.441986625037021
668,25,8,28,2.5724113045221157,7.752391810370083
669,85,9,21,2.468887864151183,12.094388646339748
670,94,4,18,1.7687100770482698,7.714920025427113
671,23,5,10,1.0503868279184587,14.04243291407565
672,98,3,27,2.6779946554360214,8.747219705073764
673,137,7,13,1.0228359669081473,10.498685627762052
674,132,3,19,2.407399559258102,5.505731038242288
675,113,4,16,2.940514219452114,9.261212379522307
676,81,7,10,1.875322656296407,13.32363539660995
677,98,6,26,1.4699468099919055,13.05648805363342
678,45,9,11,2.4097420200867634,7.243185588535263
679,63,9,20,2.6342562840311703,7.260790710105627
680,89,2,18,2.092860632155695,13.173053122132368
681,137,4,16,2.9340705505122924,14.303984201693256
682,87,4,26,1.1033374433159222,5.9536092127300355
683,38,5,26,2.0095911966090565,9.500586394262253
684,39,3,11,2.4369078946451,8.37454278964229
685,132,4,15,2.725280942298358,13.706884554574394
686,66,4,23,1.35851122381558,5.835249146800187
687,20,6,15,2.600006963527363,7.111259425580374
688,109,6,11,2.1054141514370905,12.524683375864942
689,83,7,10,1.7931073639799264,5.512938489812155
690,57,8,19,1.2634300571581871,9.925353807142892
691,56,8,14,2.7305915178178246,9.421070346797201
692,145,2,11,1.3145464163594307,8.344011789887487
693,119,8,25,1.6195757184181985,8.945723153189238
694,96,5,11,1.5800910639248738,10.29940586930233
695,22,2,19,2.7428280683817086,6.613673583883831
696,29,7,11,2.345405988417796,10.719958782835928
697,24,6,25,2.5933627943827444,13.054323292999863
698,149,8,25,1.500935797584998,12.60160929790159
699,32,3,28,2.2497481992139976,6.538999046937737
700,149,6,16,2.143491966287497,6.492494697414739
701,103,9,21,2.6656607535765424,7.681743677449133
702,84,5,24,2.812174120962521,8.610747263410373
703,82,6,17,1.0243135429547736,9.084555814084826
704,120,5,15,2.348039838117585,11.796972168333452
705,92,5,19,1.103671598239458,5.5668043216583545
706,36,5,12,2.097717330154712,5.346727042260664
707,28,7,28,1.5752654580873564,8.919105629439091
708,57,5,26,1.6135531990442824,11.971636921379805
709,113,5,16,1.7059170069047132,6.934353429564826
710,114,9,29,2.2425848980992202,11.415044812562517
711,68,3,13,1.6680999313375384,7.598281379402994
712,88,2,23,2.465398101180561,13.860861088135163
713,81,4,29,1.8090547711477394,13.956899442666165
714,97,9,24,1.1367064006199172,7.972872042813265
715,136,2,17,2.5675196849682145,7.299937539632405
716,139,5,24,1.571516649185412,9.113039720662313
717,95,3,29,1.8655337591985253,7.405315851801487
718,54,6,23,2.3708877664438033,11.723838432917036
719,20,3,18,1.664912314297424,13.260646845482855
720,59,9,17,1.1131713122934312,11.73092130911217
721,83,5,26,1.7478420940256272,13.243504472493495
722,79,3,11,2.888897165388607,8.969921622074741
723,83,8,12,2.283468794597116,6.563169707088608
724,112,3,17,2.342958297334414,12.379509473975922
725,91,5,21,2.26456430727528,8.604745051415538
726,30,7,10,1.3979842779188736,11.712708252291325
727,124,8,19,1.8366677282045603,7.706439419817657
728,33,3,29,2.5018795967266367,5.8122963480667265
729,79,4,12,1.2027457951063183,14.925817954877633
730,49,4,15,1.5557055521794245,6.562015079305993
731,54,3,16,1.5526382169317072,14.884209939634811
732,24,7,29,1.864037855189012,14.772799325664472
733,102,6,27,2.96073748188437,12.938181039080396
734,142,5,20,1.1350050933676439,11.594229620819975
735,97,4,28,2.0374019887611903,10.778070502510847
736,81,6,14,1.358729364024421,13.661015453778347
737,108,3,28,2.9413530908194883,7.894395216194879
738,61,9,20,1.2266070094549284,9.67681212484877
739,108,6,21,1.8072020047231825,11.193899693665019
740,59,8,19,2.475769969669212,9.11190475869491
741,91,2,17,2.409108856054891,9.27486454090268
742,58,4,18,1.8454572737878645,8.302846675020845
743,123,3,13,1.6930483359054365,10.64231816684536
744,33,9,14,1.7952247571057411,13.50574528015116
745,51,5,17,1.5285525263172786,7.015283780063129
746,144,9,18,1.4106658774135996,14.344330387534415
747,116,7,24,1.96607939511778,11.890876537482296
748,42,8,24,1.5370675121352146,13.232732126800302
749,82,3,25,1.5749233297945002,10.561906926300116
750,72,5,23,2.313512126949114,12.795167014240635
751,123,7,17,2.9370746633997844,5.162003973394672
752,123,7,27,2.20727440111875,13.183804247795353
753,58,3,19,1.1539589341299326,5.401388590853665
754,86,8,29,1.151167227708134,13.899133763628624
755,61,6,15,2.902846441691132,14.919627472386432
756,34,6,21,1.5945815806146673,7.940674621767778
757,130,7,11,1.1841339721649509,7.103185562857936
758,52,6,16,2.198089174300763,12.653633638580407
759,57,2,25,2.2472975565805324,7.530263409202532
760,116,7,12,2.297009640237376,13.655623831722036
761,52,7,22,1.5348040557150826,6.028425921574767
762,105,5,12,1.03022136842895,6.259551963793583
763,85,6,27,2.9300307389089437,14.791515551006157
764,29,8,20,1.501786091382205,11.738388982700046
765,24,7,17,2.3520525761050948,13.468872244289528
766,142,9,15,2.413259739757419,8.24329377351518
767,93,8,10,2.220014834158971,11.764837495206045
768,116,2,10,1.6258147884272964,10.942418273085972
769,137,5,17,1.5421925075281315,11.03150120122947
770,57,3,14,2.1953365654054062,11.825324595377216
771,66,8,25,2.7321912672233832,10.753591731290985
772,128,7,20,2.893467457846791,9.29062369302666
773,34,2,14,1.2118116088075153,7.759226943805468
774,24,4,13,1.3096572251954397,12.685813309132019
775,66,2,15,2.8894725175661593,7.262724300031862
776,87,2,23,2.473070456669585,11.923543061544141
777,95,5,28,2.765987649659546,7.333328226493267
778,149,3,18,1.4052652682706863,11.25330169954454
779,114,4,21,2.1751717422188035,12.470782671290289
780,134,6,20,2.4022791888349473,7.187138889065392
781,55,6,23,2.3602237708939455,5.599433008613083
782,45,8,25,1.8163033817333962,6.309737429941741
783,62,2,10,1.030789783382617,11.059969672710254
784,46,9,22,2.1658521136085263,13.494464062257356
785,88,5,22,1.5062030783592175,5.449968212354244
786,30,9,11,1.9005084922857807,12.341512590416462
787,93,5,13,2.9151620301676346,8.41318645950052
788,123,6,15,1.7980706352848694,9.785283699195226
789,57,8,14,2.6796032133288534,14.288595498455656
790,42,8,12,1.3770812114985023,8.319715047358454
791,66,8,10,2.3449209960500577,9.65336933939486
792,109,4,13,2.954013908877887,5.136824147606811
793,65,3,29,1.2037862017458736,5.815987200048384
794,126,4,11,1.016639884454384,7.58591591134784
795,123,7,14,1.8671655852652287,5.278522408210744
796,130,7,12,1.1852509661027344,11.31375326048251
797,123,9,18,2.4967686993524625,9.263983568016226
798,79,3,29,2.829097327697118,10.48145202728022
799,119,6,15,1.8680419454175177,6.746471858963296
800,87,3,27,1.517423284310882,7.959320294366162
801,139,5,15,1.8688066380132196,11.638244748527251
802,56,7,28,2.446895635700002,14.653027236303998
803,91,2,21,1.018108323160742,5.504167736022092
804,146,2,20,2.178907978969394,13.903843208552662
805,125,6,11,2.226583369774758,10.768812013112084
806,111,5,24,2.275376493791871,10.639195667556237
807,50,9,21,1.4840441599617544,10.002785352077604
808,141,4,21,2.4281054467562537,5.693940859041834
809,70,5,18,1.1827829726635528,5.8987685173616065
810,48,2,11,1.3985406729336016,11.009120056590861
811,59,2,12,2.7549400933089636,8.409585714355583
812,60,9,21,2.4774463014531327,14.172680665776806
813,30,7,25,1.0274911080226905,9.065905373594722
814,20,5,10,1.4967525207396004,6.432814587026411
815,65,5,12,1.4288129659863291,12.14718833502036
816,120,2,29,1.5416126560739452,7.933534214410098
817,109,4,11,1.4951195405597728,10.254703073558932
818,129,6,18,1.1250525914856915,11.9783278550517
819,76,8,28,1.9178810331936407,14.002641112020704
820,20,6,24,2.4654669495723303,12.92191194801676
821,82,5,27,2.213463449434873,11.763610678727241
822,74,6,20,2.3457433371961596,11.796331823951435
823,134,2,25,1.1622983570724783,14.459246440320864
824,72,2,26,2.9029814203535746,7.95824097496536
825,76,9,14,2.6769836676860495,5.011120941961874
826,136,5,21,2.610180636991325,7.719545593981987
827,54,9,20,2.645967610083535,7.17891379626744
828,82,5,24,2.8654210162655227,11.618345851139981
829,44,8,12,2.0885079322273956,11.33711599765529
830,109,8,10,1.4005640357352518,10.934613827047238
831,94,7,29,2.233567215705082,5.162434432094537
832,57,5,25,2.485762987335878,12.287780544506475
833,149,4,11,2.4758347867080506,8.235304124854915
834,110,6,11,2.04289804833376,11.650559890066312
835,36,5,12,1.136917438667156,10.565784285021532
836,147,3,17,1.7422258768602557,8.427309254279072
837,127,7,24,2.841533216926715,6.3457626710410775
838,44,3,16,2.168897819514852,5.94418897660481
839,107,2,15,2.076663886511427,13.315183331122235
840,48,8,18,1.537707028764387,14.18397542081558
841,82,6,29,1.7368978398331578,11.497880467642997
842,133,5,10,2.7906921783063385,6.034341148604834
843,68,3,17,2.332926095053671,9.020272168882407
844,100,6,12,2.5747740535046657,12.289392001051572
845,103,2,13,1.9086908461353103,12.798208840100681
846,124,8,24,2.260494438912316,6.182186222910886
847,137,4,15,1.496767217486415,5.000307188453824
848,105,7,24,2.4109216605669728,12.12137045880605
849,82,6,12,1.8552026674066746,8.565961759862056
850,123,6,23,1.8850910296294912,7.544813316182602
851,68,4,29,2.298644649153763,5.128974697895254
852,90,6,23,2.872561242937853,10.402994067614998
853,20,2,13,1.1280126932172418,13.511507354259818
854,142,2,21,2.649486474694015,14.57631646272588
855,81,4,26,1.5847662208243862,10.657449506132892
856,51,7,16,1.8878389090127556,10.144613277398943
857,48,5,18,1.043826657550018,5.850563854892411
858,68,3,12,1.602092155668626,10.488728015425998
859,49,5,22,2.005262485260261,8.799790789653947
860,38,6,24,1.112352154694878,11.071352808835769
861,37,3,27,1.9821914587663303,8.887263478765467
862,20,9,28,2.854221257716855,7.402991234503667
863,97,4,10,1.2107864362156104,5.949652752283765
864,134,4,15,2.5288814561510087,8.149184445888958
865,132,7,11,1.8193421067519853,5.966448342877523
866,133,3,23,2.310347429048676,6.76896950823984
867,82,2,15,1.5204731959704587,14.87336158579546
868,148,3,23,1.3189845250827166,9.441035569066187
869,27,6,13,1.3209252285424529,10.318717665050166
870,74,2,17,1.1409838912862893,13.736185287372153
871,122,8,12,1.371293409802486,14.955689004906878
872,51,8,28,2.3284387699779368,10.827144493446816
873,29,9,23,2.7633812236870163,13.124738210441716
874,129,8,29,2.6282513711823237,8.269410243366753
875,143,4,26,2.370268619748968,8.05743957447291
876,106,3,17,1.2208637268222053,9.027037209945602
877,74,8,23,1.5783748925918997,11.725072626736491
878,51,5,15,1.619613750644938,11.821916892550988
879,112,7,25,1.4999138927952425,8.152394346494507
880,27,5,28,2.0300113194194465,6.332099241366286
881,84,8,23,2.071107629759345,11.323962564655085
882,76,9,28,1.7137719503422204,6.283258621887645
883,86,7,12,1.707578317472872,10.7849250822933
884,91,6,19,2.6571111958121625,11.93422128056309
885,73,5,28,2.5785856966393714,12.006114963944515
886,86,9,18,1.6155916633614913,12.534721106595967
887,70,3,29,2.8275768877465186,13.728594215656646
888,116,3,22,2.905630034005012,9.999589919647885
889,111,5,16,1.6534850840600817,12.302491895295713
890,27,8,23,1.7088498975861097,11.191727353658367
891,54,9,18,2.0112683068439177,6.866399397976826
892,115,3,28,2.882241625067347,5.256896448694082
893,107,6,24,2.752638866284623,7.845413856769338
894,97,2,29,1.2051359251671796,9.430337063376193
895,51,8,23,1.7854614865428324,11.171059444286563
896,139,9,15,2.1067423794995435,13.499593305032054
897,65,6,13,2.00626494510308,6.962457167061657
898,74,9,17,1.3877261358737853,6.255497898984771
899,26,7,26,2.7176335423363094,14.634799474743275
900,93,6,18,2.3538815659936745,6.080445593764071
901,26,8,10,2.675816749703607,9.784910701071892
902,104,7,29,2.7175285586989446,10.855637287933018
903,131,8,23,2.4967117073314795,10.413744209074382
904,144,3,20,1.8784212024994347,5.8603215703294325
905,55,2,12,2.2210935100308493,5.570269140036194
906,48,8,18,1.3207308122394863,6.054834274610357
907,101,8,23,2.347290834949815,10.855876838726125
908,21,3,18,1.3585065114785615,10.443448876343211
909,148,4,13,2.3878991810203134,7.3374079203674425
910,66,3,13,1.4591963215079373,11.377741418455916
911,30,7,17,1.23510260030044,13.200675020556494
912,149,3,11,1.3305689802859149,5.415789598465937
913,138,3,18,1.0039842704381405,9.981299435480423
914,39,2,23,2.4374792357070607,11.893104121026903
915,24,3,18,2.464802098116758,7.523119270696871
916,56,9,25,2.0298666998265187,8.07770905293149
917,72,8,26,1.3227256021107674,11.136379029893838
918,118,9,25,1.1671086750213795,13.979352934437369
919,105,2,21,1.038257932874574,13.099244203028993
920,127,5,12,1.3314963539304414,10.831302190995835
921,43,4,20,2.7817110699662937,12.302217177572492
922,100,9,23,1.4830736834033635,8.648224702077986
923,139,2,27,1.7085426544344313,11.409655280987577
924,78,7,14,1.2106909689626664,9.66181591127557
925,147,5,25,1.4447226094963406,6.89936136457561
926,133,2,29,2.0384491415604105,12.017382738772572
927,134,2,14,2.215505366191305,10.56464637348822
928,33,4,12,1.4907046283324221,8.586215819535914
929,28,8,21,1.1154643184502344,14.113391900786308
930,59,9,10,1.7820657382547973,5.209341178267333
931,44,7,18,1.4684067418526683,8.15773151249496
932,122,6,18,1.4391078464596039,5.568813977776466
933,41,9,13,2.9197256054269105,12.665273162216272
934,23,6,12,2.232600971851448,12.021074541137926
935,48,2,26,2.113756886344192,8.31352218736317
936,128,3,11,1.8315502070466438,11.75662902207073
937,117,7,10,1.8578886668602885,8.959372261959498
938,56,5,17,2.081810007676162,12.562537914224343
939,94,3,22,2.3928596140722145,9.541836627367061
940,89,3,24,2.404292192363659,9.122797278316655
941,147,9,17,1.3433878154108991,14.347299154883009
942,104,7,21,2.0002255041532537,7.508790998907003
943,61,8,21,1.823916190068204,6.2044733999656545
944,119,2,23,2.7410539325387684,10.845431132594582
945,60,2,24,2.2628378424367526,14.693218122841788
946,53,2,24,2.065008132831964,8.778392137271867
947,36,2,18,1.2307892843578347,5.620367636287815
948,141,9,28,2.211275778646823,8.393052673095674
949,95,6,29,1.2344078113604668,10.059316543195585
950,106,2,17,1.6744131511315041,6.619230066322137
951,136,6,28,1.2856839296286637,11.58102218056492
952,125,6,15,2.384147294048738,14.977493890102005
953,105,8,29,1.4125042276723052,9.517394759814438
954,46,2,28,1.783718746376052,8.547285567302126
955,76,4,13,2.7913495552375576,9.007041668344666
956,50,5,16,1.4086327667979406,6.151461783952011
957,117,3,13,2.015610127917558,13.832736014262238
958,31,6,21,1.838543322332044,9.14825655521352
959,72,7,22,1.0362480820914595,8.872744114248412
960,141,7,12,2.5855162271456256,11.596902729304743
961,65,5,21,1.1380918126291995,9.420334209311235
962,83,7,11,1.9485100419539072,11.48233468807846
963,149,4,11,2.1213565898779,5.614462901307875
964,73,7,18,2.2568529132291744,13.137233437222275
965,126,3,10,2.377263258615751,14.405039528794026
966,70,3,17,1.5065447670454302,11.48765386159386
967,55,6,15,1.0199575533168987,14.545659288588107
968,134,2,15,2.4468873247098237,6.514323143699633
969,45,8,27,2.071313198695157,9.774161894803537
970,48,4,26,2.6722354064144973,11.018067339454472
971,30,6,21,2.6427767258013883,10.817366474211866
972,59,4,15,2.6866523355757663,9.014617790890433
973,30,2,17,1.9701893199590803,8.380844093662613
974,132,9,28,1.6672567916737313,6.268240225504188
975,58,7,19,2.58311640518274,8.917424505622781
976,73,7,10,1.9025882260585099,6.626608151054851
977,117,8,22,1.366884392806869,12.343656764922184
978,74,2,26,2.7099480391229487,7.0883093549459
979,130,6,12,2.7651197535446945,5.5856530528453385
980,88,8,17,1.9326195122803402,10.523661378172342
981,75,2,23,1.151399454619575,10.952297327194016
982,52,5,12,1.7756521798338625,13.719130612805055
983,55,3,25,2.6070753189252067,10.769816124176819
984,100,8,22,2.803548057092457,8.454808537234458
985,128,8,29,1.4069454849951917,13.030118815263204
986,92,6,26,1.133947224050543,10.40278893187421
987,59,4,22,2.7547009062656773,5.792802846311917
988,36,5,15,1.7788098779577506,10.658505603132467
989,148,6,26,2.0835219285351263,14.080185454216624
990,80,2,23,2.9361316241015176,8.963126254982205
991,123,2,26,1.1331294558284457,7.963258018998001
992,61,2,17,2.296636014904191,6.4346945701802
993,44,9,20,1.1482108451497341,6.514455219353573
994,58,2,29,1.7509378569330007,9.327714843418189
995,54,4,10,2.6076290903868937,10.956798241615296
996,127,5,16,1.8669444655112688,5.8061540516960175
997,121,7,26,2.994364707805901,14.395685890251658
998,117,3,19,2.1181185698932046,12.55133617445196
999,31,4,20,1.642324305271907,10.866239182836626
1000,38,4,18,1.4402226518095063,13.284386709389908
